token_id,name
1,GNsRzWDj
2,hxLWYPSz
3,KFdodRFQ
4,RBOAblgH
5,PClaYHBl
6,EMzlyFew
7,VKVpzmDj
8,hsuaINoN
9,WkXHDaCv
10,vnBjgnvr
11,MYCXfekI
12,fSkPSqNz
13,mwdtYLFd
14,pXjPsXrN
15,ZMeyANud
16,GduWOjlC
17,cKOXEYNJ
18,toKDouMK
19,OjLhfXsu
20,XZGEeBeu
21,giHYHwKc
22,vnjZUTzp
23,YUUqwYjM
24,VToOGXVe
25,wdrxWYlQ
26,UmCkEtkM
27,KiwIGZlg
28,lWaDcRjQ
29,WHhsGckw
30,BZLTPhOm
31,yZDVvgtj
32,oWPurJMM
33,oKbLKTiD
34,XKuDOLMl
35,ytVLtiXF
36,qheeOEli
37,SRoWHNSO
38,ALnTaKcn
39,BPlUQIaq
40,AVhXdXFa
41,ZRyiXDnQ
42,tKoFUCrJ
43,yCmdwQZf
44,GTrRSXaq
45,PVnpRhqT
46,nLanRovr
47,riHKUhfd
48,QLuxxxGm
49,AYbNnyon
50,zkICwhTM
51,fssPaDsb
52,gOlgtwGW
53,kKDEQOZn
54,XKGAehic
55,njyHmUoo
56,HsHIBuVv
57,dbhRwHFY
58,qpYyYGIC
59,Ctoopjti
60,zGqwEwRA
61,zNQRycwA
62,akLgAZWA
63,iQLUMlpf
64,IrlQvsSS
65,dbTwSKvb
66,fsrjvtEX
67,aiWAkZVu
68,zyHwrHie
69,UjmyJaON
70,FsmqdVbl
71,zIGdLSWV
72,ulvZDIOq
73,ZjLubMvH
74,FTtkvane
75,UzcvEoBn
76,PIeuXzPC
77,AuULdopg
78,RfibYXdD
79,QiMvSbuJ
80,nxAINkLI
81,ZNViOHkW
82,QHStwrET
83,bHwwXAIz
84,zqkJOIFe
85,ootrfsGs
86,yFNKYBcw
87,GhmHJdHV
88,BHyycXMC
89,fuuKhRzq
90,vJrnndZT
91,aVytOdck
92,LNpEPuUH
93,sOMmngSx
94,tYrpGGBT
95,CVXGDaqW
96,KckOcPCX
97,yoVGNTju
98,fZecMGPM
99,TFEvWPdm
100,uHzqkzRZ
